cfg/device/M13110111830000100.txt,cfg/cfg/FFFFFF-OBU-M13110111830000100.cfg
cfg/device/M13110111830000101.txt,cfg/cfg/FFFFFF-OBU-M13110111830000101.cfg
cfg/device/M13110111830000102.txt,cfg/cfg/FFFFFF-OBU-M13110111830000102.cfg
cfg/device/M13110111830000103.txt,cfg/cfg/FFFFFF-OBU-M13110111830000103.cfg
cfg/device/M13110111830000104.txt,cfg/cfg/FFFFFF-OBU-M13110111830000104.cfg
cfg/device/M13110111830000105.txt,cfg/cfg/FFFFFF-OBU-M13110111830000105.cfg
cfg/device/M13110111830000106.txt,cfg/cfg/FFFFFF-OBU-M13110111830000106.cfg
cfg/device/M13110111830000107.txt,cfg/cfg/FFFFFF-OBU-M13110111830000107.cfg
cfg/device/M13110111830000108.txt,cfg/cfg/FFFFFF-OBU-M13110111830000108.cfg
cfg/device/M13110111830000109.txt,cfg/cfg/FFFFFF-OBU-M13110111830000109.cfg
cfg/device/M13110111830000110.txt,cfg/cfg/FFFFFF-OBU-M13110111830000110.cfg
cfg/device/M13110111830000111.txt,cfg/cfg/FFFFFF-OBU-M13110111830000111.cfg
cfg/device/M13110111830000112.txt,cfg/cfg/FFFFFF-OBU-M13110111830000112.cfg
cfg/device/M13110111830000113.txt,cfg/cfg/FFFFFF-OBU-M13110111830000113.cfg
cfg/device/M13110111830000114.txt,cfg/cfg/FFFFFF-OBU-M13110111830000114.cfg
cfg/device/M13110111830000115.txt,cfg/cfg/FFFFFF-OBU-M13110111830000115.cfg
cfg/device/M13110111830000116.txt,cfg/cfg/FFFFFF-OBU-M13110111830000116.cfg
cfg/device/M13110111830000117.txt,cfg/cfg/FFFFFF-OBU-M13110111830000117.cfg
cfg/device/M13110111830000118.txt,cfg/cfg/FFFFFF-OBU-M13110111830000118.cfg
cfg/device/M13110111830000119.txt,cfg/cfg/FFFFFF-OBU-M13110111830000119.cfg
cfg/device/M13110111830000120.txt,cfg/cfg/FFFFFF-OBU-M13110111830000120.cfg
cfg/device/M13110111830000121.txt,cfg/cfg/FFFFFF-OBU-M13110111830000121.cfg
cfg/device/M13110111830000122.txt,cfg/cfg/FFFFFF-OBU-M13110111830000122.cfg
cfg/device/M13110111830000123.txt,cfg/cfg/FFFFFF-OBU-M13110111830000123.cfg
cfg/device/M13110111830000124.txt,cfg/cfg/FFFFFF-OBU-M13110111830000124.cfg
cfg/device/M13110111830000125.txt,cfg/cfg/FFFFFF-OBU-M13110111830000125.cfg
cfg/device/M13110111830000126.txt,cfg/cfg/FFFFFF-OBU-M13110111830000126.cfg
cfg/device/M13110111830000127.txt,cfg/cfg/FFFFFF-OBU-M13110111830000127.cfg
cfg/device/M13110111830000128.txt,cfg/cfg/FFFFFF-OBU-M13110111830000128.cfg
cfg/device/M13110111830000129.txt,cfg/cfg/FFFFFF-OBU-M13110111830000129.cfg
cfg/device/M13110111830000130.txt,cfg/cfg/FFFFFF-OBU-M13110111830000130.cfg
cfg/device/M13110111830000131.txt,cfg/cfg/FFFFFF-OBU-M13110111830000131.cfg
cfg/device/M13110111830000132.txt,cfg/cfg/FFFFFF-OBU-M13110111830000132.cfg
cfg/device/M13110111830000133.txt,cfg/cfg/FFFFFF-OBU-M13110111830000133.cfg
cfg/device/M13110111830000134.txt,cfg/cfg/FFFFFF-OBU-M13110111830000134.cfg
cfg/device/M13110111830000135.txt,cfg/cfg/FFFFFF-OBU-M13110111830000135.cfg
cfg/device/M13110111830000136.txt,cfg/cfg/FFFFFF-OBU-M13110111830000136.cfg
cfg/device/M13110111830000137.txt,cfg/cfg/FFFFFF-OBU-M13110111830000137.cfg
cfg/device/M13110111830000138.txt,cfg/cfg/FFFFFF-OBU-M13110111830000138.cfg
cfg/device/M13110111830000139.txt,cfg/cfg/FFFFFF-OBU-M13110111830000139.cfg
cfg/device/M13110111830000140.txt,cfg/cfg/FFFFFF-OBU-M13110111830000140.cfg
cfg/device/M13110111830000141.txt,cfg/cfg/FFFFFF-OBU-M13110111830000141.cfg
cfg/device/M13110111830000142.txt,cfg/cfg/FFFFFF-OBU-M13110111830000142.cfg
cfg/device/M13110111830000143.txt,cfg/cfg/FFFFFF-OBU-M13110111830000143.cfg
cfg/device/M13110111830000144.txt,cfg/cfg/FFFFFF-OBU-M13110111830000144.cfg
cfg/device/M13110111830000145.txt,cfg/cfg/FFFFFF-OBU-M13110111830000145.cfg
cfg/device/M13110111830000146.txt,cfg/cfg/FFFFFF-OBU-M13110111830000146.cfg
cfg/device/M13110111830000147.txt,cfg/cfg/FFFFFF-OBU-M13110111830000147.cfg
cfg/device/M13110111830000148.txt,cfg/cfg/FFFFFF-OBU-M13110111830000148.cfg
cfg/device/M13110111830000149.txt,cfg/cfg/FFFFFF-OBU-M13110111830000149.cfg
cfg/device/M13110111830000150.txt,cfg/cfg/FFFFFF-OBU-M13110111830000150.cfg
cfg/device/M13110111830000151.txt,cfg/cfg/FFFFFF-OBU-M13110111830000151.cfg
cfg/device/M13110111830000152.txt,cfg/cfg/FFFFFF-OBU-M13110111830000152.cfg
cfg/device/M13110111830000153.txt,cfg/cfg/FFFFFF-OBU-M13110111830000153.cfg
cfg/device/M13110111830000154.txt,cfg/cfg/FFFFFF-OBU-M13110111830000154.cfg
cfg/device/M13110111830000155.txt,cfg/cfg/FFFFFF-OBU-M13110111830000155.cfg
cfg/device/M13110111830000156.txt,cfg/cfg/FFFFFF-OBU-M13110111830000156.cfg
cfg/device/M13110111830000157.txt,cfg/cfg/FFFFFF-OBU-M13110111830000157.cfg
cfg/device/M13110111830000158.txt,cfg/cfg/FFFFFF-OBU-M13110111830000158.cfg
cfg/device/M13110111830000159.txt,cfg/cfg/FFFFFF-OBU-M13110111830000159.cfg
cfg/device/M13110111830000160.txt,cfg/cfg/FFFFFF-OBU-M13110111830000160.cfg
cfg/device/M13110111830000161.txt,cfg/cfg/FFFFFF-OBU-M13110111830000161.cfg
cfg/device/M13110111830000162.txt,cfg/cfg/FFFFFF-OBU-M13110111830000162.cfg
cfg/device/M13110111830000163.txt,cfg/cfg/FFFFFF-OBU-M13110111830000163.cfg
cfg/device/M13110111830000164.txt,cfg/cfg/FFFFFF-OBU-M13110111830000164.cfg
cfg/device/M13110111830000165.txt,cfg/cfg/FFFFFF-OBU-M13110111830000165.cfg
cfg/device/M13110111830000166.txt,cfg/cfg/FFFFFF-OBU-M13110111830000166.cfg
cfg/device/M13110111830000167.txt,cfg/cfg/FFFFFF-OBU-M13110111830000167.cfg
cfg/device/M13110111830000168.txt,cfg/cfg/FFFFFF-OBU-M13110111830000168.cfg
cfg/device/M13110111830000169.txt,cfg/cfg/FFFFFF-OBU-M13110111830000169.cfg
cfg/device/M13110111830000170.txt,cfg/cfg/FFFFFF-OBU-M13110111830000170.cfg
cfg/device/M13110111830000171.txt,cfg/cfg/FFFFFF-OBU-M13110111830000171.cfg
cfg/device/M13110111830000172.txt,cfg/cfg/FFFFFF-OBU-M13110111830000172.cfg
cfg/device/M13110111830000173.txt,cfg/cfg/FFFFFF-OBU-M13110111830000173.cfg
cfg/device/M13110111830000174.txt,cfg/cfg/FFFFFF-OBU-M13110111830000174.cfg
cfg/device/M13110111830000175.txt,cfg/cfg/FFFFFF-OBU-M13110111830000175.cfg
cfg/device/M13110111830000176.txt,cfg/cfg/FFFFFF-OBU-M13110111830000176.cfg
cfg/device/M13110111830000177.txt,cfg/cfg/FFFFFF-OBU-M13110111830000177.cfg
cfg/device/M13110111830000178.txt,cfg/cfg/FFFFFF-OBU-M13110111830000178.cfg
cfg/device/M13110111830000179.txt,cfg/cfg/FFFFFF-OBU-M13110111830000179.cfg
cfg/device/M13110111830000180.txt,cfg/cfg/FFFFFF-OBU-M13110111830000180.cfg
cfg/device/M13110111830000181.txt,cfg/cfg/FFFFFF-OBU-M13110111830000181.cfg
cfg/device/M13110111830000182.txt,cfg/cfg/FFFFFF-OBU-M13110111830000182.cfg
cfg/device/M13110111830000183.txt,cfg/cfg/FFFFFF-OBU-M13110111830000183.cfg
cfg/device/M13110111830000184.txt,cfg/cfg/FFFFFF-OBU-M13110111830000184.cfg
cfg/device/M13110111830000185.txt,cfg/cfg/FFFFFF-OBU-M13110111830000185.cfg
cfg/device/M13110111830000186.txt,cfg/cfg/FFFFFF-OBU-M13110111830000186.cfg
cfg/device/M13110111830000187.txt,cfg/cfg/FFFFFF-OBU-M13110111830000187.cfg
cfg/device/M13110111830000188.txt,cfg/cfg/FFFFFF-OBU-M13110111830000188.cfg
cfg/device/M13110111830000189.txt,cfg/cfg/FFFFFF-OBU-M13110111830000189.cfg
cfg/device/M13110111830000190.txt,cfg/cfg/FFFFFF-OBU-M13110111830000190.cfg
cfg/device/M13110111830000191.txt,cfg/cfg/FFFFFF-OBU-M13110111830000191.cfg
cfg/device/M13110111830000192.txt,cfg/cfg/FFFFFF-OBU-M13110111830000192.cfg
cfg/device/M13110111830000193.txt,cfg/cfg/FFFFFF-OBU-M13110111830000193.cfg
cfg/device/M13110111830000194.txt,cfg/cfg/FFFFFF-OBU-M13110111830000194.cfg
cfg/device/M13110111830000195.txt,cfg/cfg/FFFFFF-OBU-M13110111830000195.cfg
cfg/device/M13110111830000196.txt,cfg/cfg/FFFFFF-OBU-M13110111830000196.cfg
cfg/device/M13110111830000197.txt,cfg/cfg/FFFFFF-OBU-M13110111830000197.cfg
cfg/device/M13110111830000198.txt,cfg/cfg/FFFFFF-OBU-M13110111830000198.cfg
cfg/device/M13110111830000199.txt,cfg/cfg/FFFFFF-OBU-M13110111830000199.cfg
cfg/device/M13110111830000200.txt,cfg/cfg/FFFFFF-OBU-M13110111830000200.cfg
cfg/device/M13110111830000201.txt,cfg/cfg/FFFFFF-OBU-M13110111830000201.cfg
cfg/device/M13110111830000202.txt,cfg/cfg/FFFFFF-OBU-M13110111830000202.cfg
cfg/device/M13110111830000203.txt,cfg/cfg/FFFFFF-OBU-M13110111830000203.cfg
cfg/device/M13110111830000204.txt,cfg/cfg/FFFFFF-OBU-M13110111830000204.cfg
cfg/device/M13110111830000205.txt,cfg/cfg/FFFFFF-OBU-M13110111830000205.cfg
cfg/device/M13110111830000206.txt,cfg/cfg/FFFFFF-OBU-M13110111830000206.cfg
cfg/device/M13110111830000207.txt,cfg/cfg/FFFFFF-OBU-M13110111830000207.cfg
cfg/device/M13110111830000208.txt,cfg/cfg/FFFFFF-OBU-M13110111830000208.cfg
cfg/device/M13110111830000209.txt,cfg/cfg/FFFFFF-OBU-M13110111830000209.cfg
cfg/device/M13110111830000210.txt,cfg/cfg/FFFFFF-OBU-M13110111830000210.cfg
cfg/device/M13110111830000211.txt,cfg/cfg/FFFFFF-OBU-M13110111830000211.cfg
cfg/device/M13110111830000212.txt,cfg/cfg/FFFFFF-OBU-M13110111830000212.cfg
cfg/device/M13110111830000213.txt,cfg/cfg/FFFFFF-OBU-M13110111830000213.cfg
cfg/device/M13110111830000214.txt,cfg/cfg/FFFFFF-OBU-M13110111830000214.cfg
cfg/device/M13110111830000215.txt,cfg/cfg/FFFFFF-OBU-M13110111830000215.cfg
cfg/device/M13110111830000216.txt,cfg/cfg/FFFFFF-OBU-M13110111830000216.cfg
cfg/device/M13110111830000217.txt,cfg/cfg/FFFFFF-OBU-M13110111830000217.cfg
cfg/device/M13110111830000218.txt,cfg/cfg/FFFFFF-OBU-M13110111830000218.cfg
cfg/device/M13110111830000219.txt,cfg/cfg/FFFFFF-OBU-M13110111830000219.cfg
cfg/device/M13110111830000220.txt,cfg/cfg/FFFFFF-OBU-M13110111830000220.cfg
cfg/device/M13110111830000221.txt,cfg/cfg/FFFFFF-OBU-M13110111830000221.cfg
cfg/device/M13110111830000222.txt,cfg/cfg/FFFFFF-OBU-M13110111830000222.cfg
cfg/device/M13110111830000223.txt,cfg/cfg/FFFFFF-OBU-M13110111830000223.cfg
cfg/device/M13110111830000224.txt,cfg/cfg/FFFFFF-OBU-M13110111830000224.cfg
cfg/device/M13110111830000225.txt,cfg/cfg/FFFFFF-OBU-M13110111830000225.cfg
cfg/device/M13110111830000226.txt,cfg/cfg/FFFFFF-OBU-M13110111830000226.cfg
cfg/device/M13110111830000227.txt,cfg/cfg/FFFFFF-OBU-M13110111830000227.cfg
cfg/device/M13110111830000228.txt,cfg/cfg/FFFFFF-OBU-M13110111830000228.cfg
cfg/device/M13110111830000229.txt,cfg/cfg/FFFFFF-OBU-M13110111830000229.cfg
cfg/device/M13110111830000230.txt,cfg/cfg/FFFFFF-OBU-M13110111830000230.cfg
cfg/device/M13110111830000231.txt,cfg/cfg/FFFFFF-OBU-M13110111830000231.cfg
cfg/device/M13110111830000232.txt,cfg/cfg/FFFFFF-OBU-M13110111830000232.cfg
cfg/device/M13110111830000233.txt,cfg/cfg/FFFFFF-OBU-M13110111830000233.cfg
cfg/device/M13110111830000234.txt,cfg/cfg/FFFFFF-OBU-M13110111830000234.cfg
cfg/device/M13110111830000235.txt,cfg/cfg/FFFFFF-OBU-M13110111830000235.cfg
cfg/device/M13110111830000236.txt,cfg/cfg/FFFFFF-OBU-M13110111830000236.cfg
cfg/device/M13110111830000237.txt,cfg/cfg/FFFFFF-OBU-M13110111830000237.cfg
cfg/device/M13110111830000238.txt,cfg/cfg/FFFFFF-OBU-M13110111830000238.cfg
cfg/device/M13110111830000239.txt,cfg/cfg/FFFFFF-OBU-M13110111830000239.cfg
cfg/device/M13110111830000240.txt,cfg/cfg/FFFFFF-OBU-M13110111830000240.cfg
cfg/device/M13110111830000241.txt,cfg/cfg/FFFFFF-OBU-M13110111830000241.cfg
cfg/device/M13110111830000242.txt,cfg/cfg/FFFFFF-OBU-M13110111830000242.cfg
cfg/device/M13110111830000243.txt,cfg/cfg/FFFFFF-OBU-M13110111830000243.cfg
cfg/device/M13110111830000244.txt,cfg/cfg/FFFFFF-OBU-M13110111830000244.cfg
cfg/device/M13110111830000245.txt,cfg/cfg/FFFFFF-OBU-M13110111830000245.cfg
cfg/device/M13110111830000246.txt,cfg/cfg/FFFFFF-OBU-M13110111830000246.cfg
cfg/device/M13110111830000247.txt,cfg/cfg/FFFFFF-OBU-M13110111830000247.cfg
cfg/device/M13110111830000248.txt,cfg/cfg/FFFFFF-OBU-M13110111830000248.cfg
cfg/device/M13110111830000249.txt,cfg/cfg/FFFFFF-OBU-M13110111830000249.cfg
cfg/device/M13110111830000250.txt,cfg/cfg/FFFFFF-OBU-M13110111830000250.cfg
cfg/device/M13110111830000251.txt,cfg/cfg/FFFFFF-OBU-M13110111830000251.cfg
cfg/device/M13110111830000252.txt,cfg/cfg/FFFFFF-OBU-M13110111830000252.cfg
cfg/device/M13110111830000253.txt,cfg/cfg/FFFFFF-OBU-M13110111830000253.cfg
cfg/device/M13110111830000254.txt,cfg/cfg/FFFFFF-OBU-M13110111830000254.cfg
cfg/device/M13110111830000255.txt,cfg/cfg/FFFFFF-OBU-M13110111830000255.cfg
cfg/device/M13110111830000256.txt,cfg/cfg/FFFFFF-OBU-M13110111830000256.cfg
cfg/device/M13110111830000257.txt,cfg/cfg/FFFFFF-OBU-M13110111830000257.cfg
cfg/device/M13110111830000258.txt,cfg/cfg/FFFFFF-OBU-M13110111830000258.cfg
cfg/device/M13110111830000259.txt,cfg/cfg/FFFFFF-OBU-M13110111830000259.cfg
cfg/device/M13110111830000260.txt,cfg/cfg/FFFFFF-OBU-M13110111830000260.cfg
cfg/device/M13110111830000261.txt,cfg/cfg/FFFFFF-OBU-M13110111830000261.cfg
cfg/device/M13110111830000262.txt,cfg/cfg/FFFFFF-OBU-M13110111830000262.cfg
cfg/device/M13110111830000263.txt,cfg/cfg/FFFFFF-OBU-M13110111830000263.cfg
cfg/device/M13110111830000264.txt,cfg/cfg/FFFFFF-OBU-M13110111830000264.cfg
cfg/device/M13110111830000265.txt,cfg/cfg/FFFFFF-OBU-M13110111830000265.cfg
cfg/device/M13110111830000266.txt,cfg/cfg/FFFFFF-OBU-M13110111830000266.cfg
cfg/device/M13110111830000267.txt,cfg/cfg/FFFFFF-OBU-M13110111830000267.cfg
cfg/device/M13110111830000268.txt,cfg/cfg/FFFFFF-OBU-M13110111830000268.cfg
cfg/device/M13110111830000269.txt,cfg/cfg/FFFFFF-OBU-M13110111830000269.cfg
cfg/device/M13110111830000270.txt,cfg/cfg/FFFFFF-OBU-M13110111830000270.cfg
cfg/device/M13110111830000271.txt,cfg/cfg/FFFFFF-OBU-M13110111830000271.cfg
cfg/device/M13110111830000272.txt,cfg/cfg/FFFFFF-OBU-M13110111830000272.cfg
cfg/device/M13110111830000273.txt,cfg/cfg/FFFFFF-OBU-M13110111830000273.cfg
cfg/device/M13110111830000274.txt,cfg/cfg/FFFFFF-OBU-M13110111830000274.cfg
cfg/device/M13110111830000275.txt,cfg/cfg/FFFFFF-OBU-M13110111830000275.cfg
cfg/device/M13110111830000276.txt,cfg/cfg/FFFFFF-OBU-M13110111830000276.cfg
cfg/device/M13110111830000277.txt,cfg/cfg/FFFFFF-OBU-M13110111830000277.cfg
cfg/device/M13110111830000278.txt,cfg/cfg/FFFFFF-OBU-M13110111830000278.cfg
cfg/device/M13110111830000279.txt,cfg/cfg/FFFFFF-OBU-M13110111830000279.cfg
cfg/device/M13110111830000280.txt,cfg/cfg/FFFFFF-OBU-M13110111830000280.cfg
cfg/device/M13110111830000281.txt,cfg/cfg/FFFFFF-OBU-M13110111830000281.cfg
cfg/device/M13110111830000282.txt,cfg/cfg/FFFFFF-OBU-M13110111830000282.cfg
cfg/device/M13110111830000283.txt,cfg/cfg/FFFFFF-OBU-M13110111830000283.cfg
cfg/device/M13110111830000284.txt,cfg/cfg/FFFFFF-OBU-M13110111830000284.cfg
cfg/device/M13110111830000285.txt,cfg/cfg/FFFFFF-OBU-M13110111830000285.cfg
cfg/device/M13110111830000286.txt,cfg/cfg/FFFFFF-OBU-M13110111830000286.cfg
cfg/device/M13110111830000287.txt,cfg/cfg/FFFFFF-OBU-M13110111830000287.cfg
cfg/device/M13110111830000288.txt,cfg/cfg/FFFFFF-OBU-M13110111830000288.cfg
cfg/device/M13110111830000289.txt,cfg/cfg/FFFFFF-OBU-M13110111830000289.cfg
cfg/device/M13110111830000290.txt,cfg/cfg/FFFFFF-OBU-M13110111830000290.cfg
cfg/device/M13110111830000291.txt,cfg/cfg/FFFFFF-OBU-M13110111830000291.cfg
cfg/device/M13110111830000292.txt,cfg/cfg/FFFFFF-OBU-M13110111830000292.cfg
cfg/device/M13110111830000293.txt,cfg/cfg/FFFFFF-OBU-M13110111830000293.cfg
cfg/device/M13110111830000294.txt,cfg/cfg/FFFFFF-OBU-M13110111830000294.cfg
cfg/device/M13110111830000295.txt,cfg/cfg/FFFFFF-OBU-M13110111830000295.cfg
cfg/device/M13110111830000296.txt,cfg/cfg/FFFFFF-OBU-M13110111830000296.cfg
cfg/device/M13110111830000297.txt,cfg/cfg/FFFFFF-OBU-M13110111830000297.cfg
cfg/device/M13110111830000298.txt,cfg/cfg/FFFFFF-OBU-M13110111830000298.cfg
cfg/device/M13110111830000299.txt,cfg/cfg/FFFFFF-OBU-M13110111830000299.cfg
